"Beg_Date","Intercept","lOD","lOD_Q2","lOD_Q3","lOD_Q4","lODLW","lSEMB","lSEMB_Q2","lSEMB_Q3","lSEMB_Q4","lSEMBLW","lSEMC","lSEMC_Q2","lSEMC_Q3","lSEMC_Q4","lSEMCLW","lSEMP","lSEMP_Q2","lSEMP_Q3","lSEMP_Q4","lSEMO","lSEMO_Q2","lSEMO_Q3","lSEMO_Q4","lSEMOLW","lPA","lPA_Q2","lPA_Q3","lPA_Q4","lPALW","lAF","lFB","lTV","lTV_Q4","lTVLW","lDM1","lDM30","outlier11","outlier12","outlier13","outlier14","Feb","Mar","Apr","May","Jun","Jul","Aug","Sep","Oct","Nov","Dec","t","Weekday1","Weekday2","Weekday3","Weekday4","Weekday5","Weekday6"
"2013-01-01",3.17956003015181,0.235565564300493,-0.000840760407382977,-0.00182348712248239,-0.000343148073633962,0.0048496504146995,0.363499179792114,0.0032130208379359,-0.000468111464111151,-0.00724198576399306,-0.0306302266915071,0.112772889259265,-0.0060872633671634,0.00341813467702962,0.00315483537573502,0.0803060108922161,0.0416663906605339,-0.00736471981734541,0.00357556905264847,-0.00397595796874262,0.0156337438831223,0.00229491847156012,-0.00193183848824793,-0.00167525407800844,-0.015848940922595,0.215926350074018,0.000800594674278621,-0.00592284211405806,0.00244026102109901,-0.0167510146859518,0.035488352252719,0.01,0.00124071077691214,0.00124071077691569,0.000196756295653382,0.0259649648773788,0.0312579836960945,0.383964882764912,0.210867941498555,0.27,0.27,0.0300246866225149,-0.148049120232164,0.0254850555130492,-0.0524401500474045,-0.00493846189873682,0.0610195955336208,-0.044012403940377,0.0166445338203076,-0.137568931808334,0.0396153859204756,-0.0829220323501557,0.00050007070642021,0.162186976995072,0.150394008101663,0.150671775186105,0.270427178672753,0.00677055048440618,-0.0680354948789744
"2013-02-01",3.32409493788759,0.246790454304617,0.000807551606751839,-0.00282193121444633,0.00067262473687125,-0.0121924324724454,0.344494970040118,0.00641882080907938,0.00542447288378992,-0.00417226318239015,-0.0623346938343438,0.117551893604769,-0.00545189367316961,0.00186816590140589,0.00433937727542288,0.094637750934764,0.0345518897793991,-0.00597204865396221,0.00448912248154106,-0.00327214299669169,0.0161994017859433,0.00248574740234178,0.00174034865606736,0.000515253345731444,-0.0159765079980436,0.218253328403935,0.00255365912581854,-0.00337699436268568,0.00419871455446134,-0.0211707337847279,0.0314655245245064,0.01,0.000985997865487775,0.000985997865487237,0.00285143714542553,0.0248940076678244,0.0436704085509256,0.399165971945853,0.235571701524363,0.27,0.27,0.105245057543866,-0.0756430085427561,0.0200265339296954,-0.0395028179186888,0.0207175964124931,0.0679174947644752,-0.0402390212825145,0.0337700218379904,-0.132876984290611,0.0499230027107884,-0.084654180151166,0.000485530552323416,0.161563851665947,0.147548471091372,0.152836621212373,0.272383863234611,0.00430496340747196,-0.0678348687488015
"2013-03-01",3.70552462715378,0.255995119598514,-0.000208910548539424,-0.00632887032513768,-4.05992036643659e-05,0.00164657277730709,0.32936845439822,0.00606885860714554,0.010312376698503,-0.00161801181278176,-0.11290180421006,0.10295695527646,-0.00407886509941636,0.000752568130558822,0.00497159650531633,0.0668532122373951,0.0227636907872858,-0.00502519936424797,0.00398687148757767,-0.0040886448080444,0.0181917506191572,0.00344810626758528,0.00309384590695605,0.0016565273881091,-0.0153765639010755,0.228103316019669,0.00125354511221592,-0.00224683300773777,0.00367627268490921,-0.0131796851710375,0.0315814224316765,0.01,0.00138163407361424,0.00138163407361811,0.00609124649981567,0.0360170182994216,0.0512831447894932,0.446253698107694,0.286198932354217,0.27,0.27,-0.0176303224003359,-0.0969827242401951,0.00523859883255579,-0.036828210775571,0.00405531198311663,0.0444157343398909,-0.0422240732519116,0.0479546303939221,-0.149041967954024,0.0480423644608419,-0.093164636805119,0.000413082047079173,0.160695251316177,0.151102032641636,0.154889973779516,0.27286365057925,0.0032070480240595,-0.063234353484384
"2013-04-01",3.70224667685535,0.264668841856072,-0.000432672889010246,-0.00778346124513401,-0.000168800820493072,0.00591016491068965,0.336162616599429,0.00605775665711259,0.0120093314842015,-0.00121470052341658,-0.124620086257941,0.0950488753169037,-0.00397110919815984,0.000667879094688823,0.00550405428128892,0.065175517372552,0.0266177454854947,-0.00595555222268637,0.0041736780083766,-0.00468213179596214,0.0174067229248987,0.00448835707953399,0.0033238088159145,0.00197258912653724,-0.0147893850330806,0.226456299595238,0.00123702044549848,-0.0019358471205311,0.00388114564994829,-0.0113284552997364,0.0310332783144737,0.01,0.00153278656898986,0.00153278656899135,0.00664646970620089,0.0330692760208283,0.052571123679791,0.452249032398691,0.290445034738742,0.27,0.27,-0.0137416401625063,-0.125070887342366,0.00658510589344597,-0.0381759563134991,-0.000443440355170701,0.0411075591954204,-0.0406552453129359,0.0539913236258894,-0.154973419821998,0.0481314948416929,-0.0996366192551703,0.000399109650002622,0.160325000686904,0.149662750128105,0.15501494378654,0.271395257127338,0.00134401672808169,-0.0643192073458915
"2013-05-01",3.52343993165374,0.26258213059353,-0.000483234815674879,-0.00764019658634842,-0.000460603489104965,0.0149323523672365,0.339513635159883,0.00670232943995424,0.0117190325513066,-0.000684048618038946,-0.12437664777528,0.0951222700729799,-0.00373981701464086,0.00113269251112848,0.00506853963253947,0.0635328993793372,0.0291625519077304,-0.00561088128243139,0.00439150127534047,-0.00499341052802176,0.0173199965769611,0.00446717922907649,0.00314163496126685,0.00217630226829687,-0.0153834454711393,0.225441986883647,0.00150884249829498,-0.00212495727951114,0.00387643545941501,-0.00918725889866253,0.0320441963856867,0.01,-0.00527281049020799,0.00969372883928267,0.0039077406903768,0.0375652914136755,0.0528489312049009,0.435654138689602,0.2910323753709,0.27,0.27,-0.0112561643738328,-0.12302077371756,0.00792819866082594,-0.0458784530295125,-0.0112364366619362,0.0425188514342875,-0.0395496376074475,0.0560230419396869,-0.14991574550897,0.0454899125099129,-0.104977164156269,0.000405414021566738,0.159025486601702,0.150388843458099,0.156652998986828,0.27010893995315,6.31565671401611e-05,-0.0656684386817677
"2013-06-01",3.4368748272776,0.267884659290922,0.00115408036861997,-0.00811882026763858,-0.000789551785739952,0.021950661444729,0.33988650624839,0.00330510087886376,0.0125409175942955,-9.07962774173624e-05,-0.128302741103911,0.0956351670256461,-0.00306911257227432,0.00124766894955955,0.00455973622876363,0.057057015256353,0.0215723515614579,-0.00536984162483611,0.00463127616832461,-0.005041519806614,0.0187415972940159,0.00390275269253874,0.00278863164885033,0.0023306056834179,-0.0148540590382726,0.228324806680652,0.00134954327876559,-0.0019350654894457,0.00351032880922137,-0.00523074667573329,0.0314899153007347,0.01,-7.32687863896333e-05,0.00634118619723898,0.00261113690948987,0.0403004502060859,0.0536111020731653,0.428835005528706,0.286603061519178,0.27,0.27,-0.00360755116182942,-0.116337101825521,0.00727884186431617,-0.0403470528536418,-0.00924237073958626,0.0405070875703228,-0.0379883135830911,0.0612205325031567,-0.145261474619867,0.0443801914389174,-0.106192349398665,0.000381309929742764,0.156104736258049,0.151360332977682,0.156463312934287,0.26847697192854,-0.000162982476228774,-0.0648378137163111
"2013-07-01",3.38080366582654,0.268678302339615,0.00118347664202765,-0.00826164764408101,-0.000877351168649235,0.021226386911802,0.344050858014362,0.00265884769245176,0.0127330076672314,0.000195323525397256,-0.125979006651452,0.0900852089731495,-0.00296603975520349,0.00118645447963871,0.00461027039106421,0.0630878658638947,0.0249526596400905,-0.00471325588960943,0.00462514044634841,-0.0053120729142664,0.0193056296928951,0.0034911782252415,0.00292666087730981,0.00246870393748169,-0.0149131076739308,0.228407902196493,0.0011585470688633,-0.00198581413045336,0.00354726554231435,-0.00306221666265305,0.0315464873723314,0.01,0.00163693396377733,0.00531858718794886,0.00200269141283379,0.0368826804271046,0.0529525849569114,0.424348931041114,0.280058358643472,0.27,0.27,-0.00215236739312614,-0.113219460673663,0.00761015520408508,-0.0426102864646924,-0.00993679027437716,0.0422126153715264,-0.0375116662661996,0.0598424231211988,-0.145204403823858,0.045183775793769,-0.108007677077706,0.000368603580421355,0.157136139278371,0.15165329349094,0.157754133575129,0.263922539467698,-0.000650457493132229,-0.0645898465105009
"2013-08-01",3.43832762830982,0.274298572165532,0.00118763325430179,-0.00709466136670603,-0.000937330794984294,0.0113539309233586,0.345345728624209,0.00256157259098299,0.0117747231939754,0.000301315001717496,-0.12455856325916,0.0837989086717654,-0.0025378261528102,-0.000199459841189359,0.00505693406605068,0.0665809682148427,0.0293655399335029,-0.00516549548572892,0.00501670821046671,-0.00555033605968424,0.0190317767083819,0.00333643104768519,0.00249797723078148,0.00280434752276137,-0.0149939780053678,0.227121707379398,0.00107785059060295,-0.00138930153966422,0.00362795659559205,-0.00190935113448169,0.033405073930068,0.01,0.0014819967319494,0.0054781409383848,0.00190528292257673,0.0340723350344483,0.0515125506624449,0.427145265562582,0.280390357584287,0.27,0.27,-0.00823400177340046,-0.118064523753802,0.00803005697446423,-0.0455451808387435,-0.0132747498281074,0.0444744871398945,-0.0375083679629996,0.0570150518148335,-0.1531632772521,0.0429799850626632,-0.108153999163121,0.000371109824459748,0.155945610433843,0.146241035425609,0.152711114342383,0.261255309530206,-0.00482694813821239,-0.0647759287482452
"2013-09-01",3.65444422396604,0.249024794156346,0.00182954071514778,-0.00704634570674043,-0.00107262642229807,-0.00787721203387179,0.340461682975866,0.00440229787939258,0.00332238541309025,0.00198153654333556,-0.155594173636194,0.0892798121093622,-0.00303515689998282,0.0026844848687586,0.00453655084813989,0.064952278396271,0.0217369142811864,-0.0042195646144067,0.00485246951829268,-0.00628206168024941,0.02424877941876,2.42120340740958e-05,0.00560186725896644,0.00402090561641558,-0.0115006746382977,0.23261106404155,0.00211117730689237,-0.00352926436323675,0.0037282027037095,0.0168341423138305,0.0329780550685022,0.01,0.00135906271640163,0.0051262564913065,0.00300128762010596,0.0491673580980178,0.0567881906597283,0.439707391992188,0.300449433106915,0.27,0.27,-0.00444356108956535,-0.105459314213242,-0.00467283490338481,-0.0388764544024896,0.00322619424593958,0.0890297824042538,-0.0677202229030268,0.0728137439748733,-0.152843853008174,0.0312253689957924,-0.111070002573204,0.000298353410645169,0.158651087899727,0.145324909298444,0.151442690184729,0.26240971411116,-0.00598329072915455,-0.0681332514370428
"2013-10-01",4.15863811312813,0.215395896402993,0.00252517253929894,-0.00856863550128388,-0.000672423450510107,-0.0463977667740806,0.342035873585146,0.00389729561863765,0.00259721824587519,0.00341521450640522,-0.170838487349911,0.0891290253076647,-0.00321105399245774,0.00238665616254461,0.00500543048534562,0.0641101729378476,0.0172401661601116,-0.00327424697384644,0.00353209718521933,-0.00636116840964255,0.0280004095305188,-0.00173948634429915,0.00504947837861919,0.00577191015798935,-0.00968283267317453,0.244734595653212,0.00274756789219833,-0.00360400498972459,0.00372495188232456,0.0329023841024119,0.0319683153672925,0.01,0.0006018809821926,0.00521905400725589,0.00387289142539184,0.053789696868,0.0593518185083058,0.47213167367229,0.327021048253966,0.27,0.27,-0.0119167145604702,-0.0988163456995303,-0.0172260314235061,-0.0362849129825725,0.0171660202469929,0.121929321084123,-0.0356906685372272,0.0156426387365531,-0.172439938977147,0.0242333648008009,-0.0994406200661293,0.000204439311798215,0.156114847419871,0.142774926350652,0.153891847344124,0.269336364531294,-0.00131066564296874,-0.0695202565048818
"2013-11-01",4.03891397961058,0.212703868884464,0.0027108931800898,-0.00837187503514602,-0.00127386644566035,-0.0398392188326994,0.34520780433711,0.00389902484156078,0.00272237182516951,0.00385256690092761,-0.164161445782015,0.0900887547160714,-0.00332213319364462,0.00266358358122281,0.00462090502408706,0.0693208584147516,0.0134682564273629,-0.00240570603052701,0.00391818725003712,-0.00738727932929829,0.0279550204527783,-0.00206617067922941,0.00498838849304807,0.00605818068171676,-0.00863597719541962,0.252035949621604,0.0030457145624207,-0.0036317600744675,0.00339748602928315,0.0169487718203108,0.0330992296119343,0.01,0.000566680232814997,0.00523730478322666,0.00364899399408346,0.053885378627755,0.0627753202154261,0.465657926053406,0.321027785513116,0.27,0.27,0.00259732262727228,-0.0868656769838843,-0.0195612261207649,-0.0361946992191857,0.021965298066852,0.128221571881483,-0.0333328205875362,0.0185064605486079,-0.149667821264329,0.0399687146249957,-0.0933490610157973,0.000200300619273854,0.156282005524982,0.139544087952179,0.143611795666074,0.26029185687279,-0.00504032747299153,-0.0729153518927158
"2013-12-01",3.93842104857331,0.22430092037487,0.00298612945257443,-0.00780770892668408,-0.00123163380660105,-0.0507555340170909,0.339912684592112,0.00398815965896588,0.0026955242867836,0.00437031643173744,-0.153290849573442,0.0975919268485546,-0.00288771932837443,0.00304825035344342,0.00352905928591719,0.0644409342037757,0.010667979399268,-0.00143072044559778,0.00417716606315721,-0.00826567070391184,0.0314703145916434,-0.00457629861310194,0.0040972462771937,0.00889911702207555,-0.00911839914703657,0.257513269255784,0.00316620582507533,-0.00390361222890841,0.00381171804398264,0.0153911502659394,0.0335742189896607,0.01,-0.000283821290001807,0.00224658162735827,0.00449241343951222,0.0540863198383591,0.0618064301959877,0.446323954725746,0.336837981362559,0.20830323270829,0.27,0.00884226317860435,-0.0849796798740185,-0.0138498032392827,-0.0337508306727374,0.0253576540003267,0.13179633184036,-0.0326134156228533,0.0176334989562513,-0.162871242919275,0.0317912879940027,-0.110541610858045,0.000193864929423773,0.157233599945721,0.131714767836434,0.128138824950319,0.245112714188648,-0.00977121047195154,-0.074579973188616
"2014-01-01",3.78560662850216,0.225830302500338,0.00217220391811637,-0.00832976176437961,-0.00105438470677793,-0.0538961762278731,0.352132268586324,0.00681869129542958,0.00240585537882343,0.00303956820104406,-0.146960724246067,0.09169971313055,-0.00370736502645712,0.00392713708025415,0.00241748093978932,0.064166639979354,0.0243987789599518,-0.00282771744667824,0.00455911975250731,-0.00770197633490614,0.0344609792656922,-0.00611146458482046,0.00321439938137942,0.0102524507861633,-0.00737771681288215,0.261656700905747,0.00424646565248744,-0.00480249812784634,0.00320771800368849,0.0188261561983231,0.0344504056998481,0.01,0.00323138176079432,0.00428482732505247,0.000522448704710664,0.0505717573630212,0.0553438203609149,0.449395246611887,0.31039536195785,0.282920467327048,0.27,0.00414957290485652,-0.086083915661158,-0.005823110744136,-0.0344895697607259,0.0233910399898674,0.1392637940339,-0.0275942050355682,0.0174157009865987,-0.155396794600018,0.0149123426491611,-0.127964035428882,0.000156488285863858,0.153364112870629,0.117396119142264,0.114677878026785,0.232942728222123,-0.0132299447825097,-0.0773807740788196
"2014-02-01",3.50205879548465,0.217099347904703,0.00177596715468118,-0.00871532559842613,-0.000509053869612272,-0.0237278296265531,0.368116264535927,0.00764757822859355,0.00440393206154387,0.00337667097973425,-0.154060763183729,0.0866318242112142,-0.00262480744044168,0.00491389333677408,0.00301499909714764,0.0673445186757342,0.00647132339161968,0.000253105625765916,0.00646436541853372,-0.00596946563260225,0.0365161073607687,-0.00678736933602671,0.00351677611687905,0.00922794833301279,-0.00538809681089496,0.265535694974346,0.00479826066890081,-0.00413395136126204,0.00316723078097,0.019339142901683,0.0362219281419349,0.01,0.00412042960714157,0.00438307402964508,0.000372357412808185,0.0425229501057594,0.0674117996731815,0.45589534217749,0.313213670987301,0.284861630670016,0.27,0.0579422956131178,-0.0322166651630614,-0.00134550359306881,-0.0325899384493016,0.0265630812277469,0.154438077886935,-0.0220329605984255,0.0261699535652775,-0.134499279923478,0.0324016594670161,-0.155707895856845,0.000134812550336512,0.154138204955256,0.117817274490915,0.113515299165606,0.225721670441567,-0.0167750972470016,-0.0814346134578805
"2014-03-01",3.5529975949825,0.20902254941256,0.00122403966135506,-0.00852816931623053,-0.000517285272824642,-0.0146778586154259,0.373998748464627,0.00757122949528398,0.00504741804844645,0.00400849396821774,-0.157408715574568,0.0831016182177442,-0.00231610776994072,0.00429238085992178,0.00283426167475569,0.0551324742820251,0.0119123711522048,-0.000736307141014758,0.00604082279879161,-0.00629716465852745,0.0349299851422288,-0.00616846190163852,0.00348823695597216,0.00904056345991614,-0.002005988563045,0.26806869962919,0.00456783103615714,-0.00416680048658482,0.00289556109313318,0.0175290533460958,0.0366207001017905,0.01,0.00432168444820805,0.00444283745906092,0.000784461559597318,0.0465249313841813,0.0654350782936919,0.458199413241844,0.307793767941654,0.292044027619878,0.27,0.0193603455740612,-0.0378626081609572,0.000126651750278724,-0.0307440521916852,0.0204456834592854,0.147529308557875,-0.0242093037026446,0.0229862315353257,-0.134989926472872,0.028613892654216,-0.152421517550117,0.000102577983906294,0.152505577696938,0.119259291897423,0.109399512781712,0.219849023740881,-0.0207320923311209,-0.0834352106293195
"2014-04-01",3.49195780764811,0.213523254230815,0.00129578964331808,-0.00937047195661352,-0.000710822919778885,-0.0180635530452618,0.37509462498007,0.00850855533227925,0.00598939629537946,0.00469942672052707,-0.163673658875373,0.0786581234580917,-0.00216188095380514,0.00426977058438613,0.00303746381354009,0.0540638461210131,0.0170571080299588,-0.00157464036719318,0.00631830886894153,-0.00718280658473145,0.0359819840979484,-0.00664172048437884,0.00373683174649187,0.00961067005078924,-0.00272302745013116,0.26743911370988,0.00496603000421114,-0.0045189049813031,0.00295288608647964,0.0199226603398347,0.0365170419530479,0.01,0.0043478564627191,0.0044001400730101,0.000788215535302445,0.0516373872821423,0.0672290440962829,0.456295140235665,0.30666067146767,0.293509601027828,0.27,0.0219485457866685,-0.0491848010592906,0.00139309371505763,-0.029585638229255,0.0196278084621457,0.148657553192692,-0.0217328959497165,0.0252942702774699,-0.136417871848606,0.0210475070962004,-0.16302544853267,9.41044232047865e-05,0.15088457536317,0.114139436091071,0.108597400560331,0.21684363815019,-0.0237241608041258,-0.0848451957872754
"2014-05-01",3.64756755413781,0.215339943569622,4.96027498934419e-05,-0.00896619013141461,-0.000566858938394917,-0.0285222902063778,0.379980258186521,0.0109548303745106,0.00504466051850045,0.00484908173645585,-0.1625249693314,0.0785045153279747,-0.00260464884991655,0.0043577816250796,0.00329027458940484,0.051598638516351,0.0141662613316319,-0.00188568153094528,0.00617260664029469,-0.0072831563120511,0.0359492622824503,-0.00630727729698879,0.00358578831902292,0.0101558587661738,-0.00211034743169334,0.257104818359199,0.00399969277085189,-0.00437369851015506,0.00337600819010119,0.0270964414031445,0.036469852986273,0.01,0.00276002385917651,0.00634166244040445,0.000308401039731026,0.0496402589676107,0.0663065182706831,0.466746346920301,0.31203278929865,0.305054000065328,0.27,0.0162149494071864,-0.0540463989448078,0.00816272170729818,-0.0196130843843334,0.0288251960672853,0.146645855356722,-0.0225327745075697,0.0235036872546657,-0.15081815316463,0.0161300370306399,-0.162721645023743,8.89653474651453e-05,0.152833596870115,0.11443852865158,0.112189086962345,0.217263333567577,-0.02459155242893,-0.0849896231309926
"2014-06-01",3.62331956673801,0.218049789801573,0.000235890620497863,-0.00941429649223126,-0.000710731937645931,-0.0287004893220433,0.379055652552159,0.0110454853241535,0.0051050743131853,0.00429114936235773,-0.164028949520962,0.0775188062454841,-0.00241026042339172,0.00437913128827717,0.00344390301865851,0.0553247041677409,0.0141683008154808,-0.0017699498035873,0.00618201125102054,-0.00737154227196168,0.0357901569268665,-0.00600669828211515,0.00370230438898355,0.0101272928311644,-0.00285478484881444,0.253387996120571,0.00309009943038894,-0.00420308320771497,0.00357666234199428,0.0267884452673961,0.0368153503697342,0.01,0.0022910062010563,0.00593063193944692,0.00104124237323822,0.0521611557658905,0.0663519747937416,0.466486749936085,0.31545680762841,0.304260111159511,0.27,0.0146178256024426,-0.0557503665547829,0.00496073418824378,-0.0121373513489807,0.030850544979905,0.146909034771738,-0.0221278632898595,0.0250401017983692,-0.150386401251022,0.0126127749443165,-0.168982093957525,9.79872638578541e-05,0.151216740470521,0.115418634661526,0.115203754665921,0.218274191104605,-0.0220598030942443,-0.0839732965357048
"2014-07-01",3.62769511780074,0.221076433220434,0.000903634024245169,-0.00998614321386705,-0.000703669517002741,-0.0295056025212653,0.376586470309741,0.00921455320241012,0.00570425269403523,0.00409492095693441,-0.166237080228336,0.0763615958785921,-0.0022599276905925,0.00438710538635733,0.00363699767356507,0.0546120674363878,0.0143277533042189,-0.00139389735223372,0.0062619740966794,-0.00734045421837193,0.0361586239698036,-0.0055983018715424,0.00376881422702736,0.0101136669389897,-0.00289844380891974,0.251679910632256,0.00281205853907636,-0.00426000125581505,0.00354800401995559,0.0307733829339196,0.036196964286045,0.01,0.00155955849731147,0.00569559963438027,0.00246701515720328,0.0523915875323185,0.0666898068966873,0.473696668592721,0.31758225329195,0.308889355817686,0.27,0.0143369580532006,-0.0557238210364975,0.00583275823826834,-0.0130262500656682,0.0312483699672364,0.146679041953793,-0.0215209536253914,0.0259777960485373,-0.15127454940032,0.0107751769242851,-0.1763735538918,9.87244224589069e-05,0.151823763805827,0.115060698124694,0.117864834255801,0.21423380833154,-0.0235986654354138,-0.0850833987316726
"2014-08-01",3.63038956276364,0.221100967794006,0.00151699112854602,-0.00981529621208821,-0.00056935131212275,-0.027986731679762,0.380313504827144,0.00927745537888866,0.00583501307036373,0.00384402543468501,-0.175244067926166,0.0706426394690944,-0.00176024152458183,0.00369909932957943,0.00408398586000332,0.0600623864903837,0.0168091300216802,-0.0014345412744874,0.00705471127380068,-0.00767748163400489,0.0374228722107324,-0.00716573781899036,0.00604590094138852,0.0101200176039723,-0.00284033113903081,0.251079655802533,0.0030863624189923,-0.0043119563198562,0.00377402404420296,0.0253838286966518,0.0379832829869931,0.01,0.00145572415245116,0.00578042853689341,0.00238206030148137,0.0532945295824132,0.0682735837921665,0.47563344908273,0.323450941553183,0.308113318082303,0.27,0.0171191840842144,-0.0527913921064274,0.00798526906362891,-0.00995344947794036,0.0353692357888037,0.138967963175198,-0.0369166683146033,0.0123001025841153,-0.151795278109484,0.0103530547443923,-0.180641130570617,0.000110252571032898,0.151823488259856,0.116117463505514,0.122730217899175,0.20678163739026,-0.0280409700935738,-0.0849480487708096
"2014-09-01",3.70615936709783,0.217291001181024,0.000789043781343669,-0.00941631023976827,-0.000433828553886914,-0.0314808322751589,0.387955456512208,0.00899775355668311,0.00629482729582618,0.00424387606067912,-0.166426652404796,0.0704177525446224,-0.00273834747650385,0.00459186784495855,0.00404605750643025,0.0692945030310224,0.0163418109521336,-0.00165459054149116,0.00607435195373979,-0.00755844145616692,0.0355869219264064,-0.00544956336916527,0.00325476675861368,0.0104236712869467,-0.00280542437521913,0.251107278956039,0.00334936627762146,-0.00457117552097984,0.00389619394446713,0.0231811773592201,0.0356767195885192,0.01,0.00142736590463617,0.00581123909115067,0.00267538539048181,0.0432653309857298,0.0660945515373419,0.475845632952566,0.314068173464281,0.305615176691136,0.27,0.0148927982336284,-0.0552507202211873,0.00261676323394411,-0.0156227396294063,0.0360992285628069,0.154942903648249,-0.0413859840110473,0.0204439892055536,-0.160954706866128,0.010135410567428,-0.178246377868467,9.47758932390706e-05,0.152566503114061,0.115836469524394,0.12204587918757,0.207440947992854,-0.0267708778605846,-0.0847514536176253
"2014-10-01",4.40158322398799,0.191939828400828,0.000825023160184586,-0.0119792806681466,0.000549293815481072,-0.0610974065144346,0.388303692381954,0.00744042326866551,0.00592917847484667,0.0063013173584484,-0.151588361381278,0.0748541746225925,-0.00352102075447452,0.00445312681326997,0.00375731543810982,0.0732774073535093,0.0150792462359289,-0.00155334653746696,0.0043316435987671,-0.00693957529689062,0.0352985166729852,-0.00557424418876853,-0.000160346430571864,0.0117986163424281,-0.00370387181193252,0.253385508731335,0.00320540115348494,-0.00402793459514516,0.003789138296982,0.0295013388858383,0.035299630073454,0.01,0.000865599436677797,0.00664648505682018,0.00362161139493502,0.0249528586203691,0.0538930519760874,0.502858046708231,0.306295502170514,0.329495324088333,0.27,-0.0185087847192723,-0.0825970481464556,-0.0141220569866254,-0.0271234819517118,0.0313618573590596,0.186063182231455,-0.00545956474041841,-0.00139704783044978,-0.203010832756845,-0.000447974173620245,-0.147333469532502,6.74466135427809e-05,0.155724192821477,0.115478618499649,0.122669888648946,0.211580368597232,-0.0264642492472447,-0.0874517428493362
"2014-11-01",4.40513170879049,0.198224807991872,0.000660443499620371,-0.0123350454199447,0.000824493521392278,-0.0678275676695479,0.389861011685533,0.00787652038685952,0.00666515191696655,0.00390952536704754,-0.148833141563833,0.079411878326822,-0.00429111187553393,0.00305589414620414,0.00602069875614742,0.0745834622987567,0.0141349186540821,-0.0013344792384936,0.0043205749558142,-0.00697292651326277,0.0374534906976308,-0.00666276710870162,0.00071063537376953,0.0113706298058981,-0.00560854210124937,0.251257321433507,0.00383993841305277,-0.00379643211943292,0.00210367640757934,0.0274260483459196,0.0353351953494745,0.01,0.000743228236699109,0.00672881432514381,0.00388921952650641,0.0226732505889775,0.0533084581535565,0.494257228014003,0.299323714574264,0.32049922317581,0.27,-0.0180480400605894,-0.0845794654883427,-0.013302293269573,-0.0252775708407882,0.0375912586934623,0.187708116704923,-0.00379642355108079,2.43284861890119e-05,-0.202108040425848,0.00854663244466409,-0.131368772467477,6.28214551237761e-05,0.154110154782679,0.112661636707616,0.12250380512381,0.205835137871537,-0.0301884241957198,-0.0892776904994888
"2014-12-01",4.11264781623147,0.196755240175336,0.00147192027059711,-0.0115364776119506,-0.00082229107724716,-0.0635759076471596,0.393991243051476,0.00664450248772379,0.00698835265609751,0.00521637326004407,-0.142762638719754,0.0943748481596175,-0.00544810401986537,0.00152416724993171,0.00841086740841255,0.0712422277604224,0.0136949240772362,-0.00107242702055935,0.00417527493411202,-0.00700194951140375,0.0365370436677181,-0.00657339832335944,0.00163719350361432,0.00941075399099086,-0.00554998948901825,0.256252981024328,0.00429523936350987,-0.00369385102923082,0.00148395669677994,0.0164139371422852,0.0394653491244804,0.01,0.000257377579840832,0.00535150270174348,0.00411840239006306,0.0328158743593354,0.0532475018764555,0.447403164492495,0.278088782146029,0.287344640607086,0.283695518071368,-0.0117397035169902,-0.0816834025896914,-0.0110729012195668,-0.0201840368975204,0.0497262842199379,0.190990510205859,-0.00519733045568993,-0.0041671616287324,-0.198630329747987,-0.0169961746971461,-0.149949054560378,5.34182343298996e-05,0.153447380848547,0.0969121042812235,0.107982724356883,0.191777556389307,-0.0392140656265976,-0.0896423354864156
"2015-01-01",3.97259317886523,0.198270314430678,0.0016576657665472,-0.0124615807585792,-0.00120874963056938,-0.0626578707986311,0.397561027859813,0.00776950486959813,0.00753933661431019,0.00424296597969268,-0.142640745886845,0.0971550332239864,-0.0062159650259977,0.0015258760735508,0.00868446944045956,0.0706544585498968,0.0170310775802754,-0.00155111458484209,0.00443271110293486,-0.00665908066471381,0.0389562882850794,-0.00816125441071114,0.0014202456998614,0.0102798486792068,-0.00641852033464819,0.257793641406207,0.00501005945109236,-0.00411354394124164,0.000868123771890717,0.0162203814559583,0.0411070386458323,0.01,0.000542433773289611,0.00629787258586365,0.00374722786198181,0.0357255306562172,0.0510598454905557,0.429383980789802,0.247793348327067,0.249716167307937,0.320026207994949,-0.0124249119715148,-0.0827773075388376,-0.00629929356928845,-0.0168601672326457,0.0542823975176737,0.198907496456854,0.000155372727770721,-0.000475491952053717,-0.197783361281437,-0.0405303106181005,-0.154185864357022,4.75526257119784e-05,0.154532036320112,0.089986851551803,0.0975580237760691,0.183904781885601,-0.039794921707503,-0.0906207238622703
"2015-02-01",3.7986592289863,0.193958467658396,0.00191146106143232,-0.0128057815573409,-0.000857704591344779,-0.0535877867246654,0.39666100459802,0.0075134171853632,0.00779273241906882,0.00406230528185802,-0.136119675565152,0.0969703603483695,-0.00621662191300369,0.00153998888892659,0.00909950360172035,0.0771985345336292,0.0178005476288117,-0.00182017150726912,0.00475007905865368,-0.00671244103286904,0.0377393923735029,-0.00713048293037223,0.00209650684087404,0.00973830880973656,-0.00704821564912613,0.262227459026753,0.00503801774225479,-0.0041425736683598,0.000813182862893467,0.0132119357660217,0.0408430933924432,0.01,0.000637581322298241,0.00636160788108854,0.00353326444184633,0.0293054925215342,0.0580422001339433,0.432000435415539,0.252227984933946,0.248078053080418,0.3186119331691,-0.000629370553006766,-0.0726667777060014,-0.002828915210253,-0.0169746686256503,0.0576696107946758,0.20722333074105,0.00508377323294763,0.0020036107001785,-0.189832307643766,-0.0306556956585872,-0.169993817340852,4.93116103908464e-05,0.154540654065172,0.0909778129777938,0.10084422393967,0.181581355200682,-0.0407008562676074,-0.091273001067183
"2015-03-01",3.89979545437413,0.196399910083188,0.000781576404321169,-0.013362849610583,-0.00132223234191221,-0.0569713605976335,0.392482414961287,0.00822505349486655,0.00909288105060133,0.00506851367681452,-0.133785326816549,0.0954937168889144,-0.00691704624101668,-0.000875868087567652,0.00865181879673269,0.0765220867554483,0.0224203566925723,-0.00323063999354149,0.00369577367951732,-0.00732780308515967,0.0336122230365042,-0.0044428055002566,0.00528546167270308,0.0109734268638522,-0.00663394841063651,0.25313006998531,0.00513610633706893,-0.00368949874217,0.00121935165792483,0.0152832990379344,0.0425862289963577,0.01,0.000720651550966369,0.00648876767126246,0.00396737408201215,0.0278930857382815,0.0592235687067797,0.439341020834179,0.257619650240462,0.255874934611975,0.327777632843946,-0.0380091759670393,-0.0752869564854672,-0.00942124368787114,-0.0218093491916645,0.0534806272412644,0.197968207708689,-0.00170181265607626,-0.00306398691801622,-0.19926201347347,-0.0372331876677099,-0.178108320774931,3.98104175840156e-05,0.159615494672895,0.097148538493248,0.10634067306925,0.182471237940712,-0.0412701211607595,-0.0929633284949548
"2015-04-01",4.06130026932864,0.186745437829399,0.000206717232227077,-0.0129378474628997,-0.0011109456300084,-0.0522513379171555,0.388217747384393,0.00844768551253735,0.00945966576702405,0.00546513005469873,-0.129361564139478,0.0968695370883218,-0.0068904640707123,-0.00187941092079356,0.00844311893261183,0.0755549816595645,0.0188659117356503,-0.00249255585589362,0.00354954728536354,-0.00661684362507529,0.0329461534945747,-0.003746222334705,0.00685679594622018,0.011573275015512,-0.00745520092027629,0.264247947856366,0.00447431226252923,-0.00423818544583313,0.000947074032910032,0.00282162206797672,0.0436210581753282,0.01,0.000601743637276223,0.00691749739628844,0.00433016610570844,0.0231360544544157,0.0586723894645896,0.44848818935308,0.259756772159455,0.259902797143964,0.332695077950852,-0.036974299911214,-0.0913264942211578,-0.0158494608278982,-0.0262010194539731,0.0496594411237498,0.192396106724915,-0.00594468302627677,-0.00590307539434557,-0.207306381625733,-0.039438008290461,-0.175714596512841,3.76869872681832e-05,0.158378523018392,0.0954177236611116,0.102752337800254,0.174843235843546,-0.0440985542242203,-0.0950332098481615
"2015-05-01",4.05398255918884,0.194688427639295,0.000165968276775359,-0.0133923831835175,-0.00118633189647265,-0.0583112385912058,0.391643010682318,0.011229053339699,0.00890486481239817,0.0051437212543813,-0.1306278597529,0.0939219238158671,-0.00832260469496233,-0.0011828238659007,0.00871900393729082,0.080686787855702,0.0168303359721245,-0.00342118842674708,0.00372910846117143,-0.00675867581366918,0.0323781556678867,-0.0023679954523453,0.00616622199528805,0.0116395024391211,-0.00753350276687729,0.26216130697153,0.00463988337403599,-0.00423140389421298,0.000985179331767659,0.00216380967098656,0.0444974862568425,0.01,0.000470473178192258,0.00704644844725888,0.00397852574665644,0.0231491300902699,0.0578796207390613,0.444663014071324,0.260162635023363,0.256776351954304,0.327069949389552,-0.0391609647136618,-0.0948742411753428,-0.0182572939756834,-0.0387696750779263,0.03795570824724,0.19749737982229,-0.000983596762973794,-0.00125511026477656,-0.209740785149925,-0.0412876583040789,-0.175488516572048,4.48597879888742e-05,0.158478905263739,0.0974011613348636,0.104660546838736,0.175995233972994,-0.0459947970425592,-0.0959421243200223
"2015-06-01",4.1102698586884,0.195741714916171,0.000341716943703238,-0.0134027419182559,-0.00125417331076701,-0.0630911184643291,0.393776548711073,0.00921012603784366,0.00900139656328002,0.00578736616548406,-0.13138425036243,0.093128815335333,-0.00736417547862913,-0.00182144911791422,0.00883583935912347,0.0789525119225582,0.0180516246061369,-0.00287378903192309,0.00365741163779163,-0.00693607425753355,0.0332872134123213,-0.00383208564967883,0.00717126229425049,0.0123035137686081,-0.00834492755846715,0.261565908908326,0.00454069725070381,-0.00450475582208329,0.000943890287430676,0.00657947557968374,0.0446798799312042,0.01,0.00057984372099843,0.00718854396002908,0.00412128431367101,0.0195135204526734,0.057446238757714,0.44835595209926,0.256574793001628,0.258464346186637,0.330086045637329,-0.0403677716585597,-0.0957318730248646,-0.00538201295655824,-0.0397877296184435,0.0465398237378722,0.196346490242312,-0.00236746776419416,-0.00238378100860419,-0.217583864273597,-0.0447020414083271,-0.176843380821609,3.74826047750045e-05,0.157136115620813,0.096166868227022,0.10391024925102,0.17650727816755,-0.047151601530511,-0.0967358878118606
"2015-07-01",4.17208955937403,0.189212697567022,-0.000610393411670149,-0.0129490965595432,-0.00108480916036992,-0.0634548454955593,0.391822601694401,0.00830670598113044,0.00895702178299182,0.0060607173396232,-0.129743594492801,0.0928644159182124,-0.00647054205749097,-0.00242661192003424,0.00882611371316053,0.0809670300859082,0.0198285525910509,-0.00209141278622942,0.00334521615777733,-0.00698357038738581,0.0334055604165758,-0.00476495862405729,0.00800370687191033,0.0124931062558005,-0.00854581667360713,0.264999802247105,0.00480811489752218,-0.00483429646290904,0.000907707187896887,0.00532134126087161,0.0450108690662588,0.01,-6.85046115638044e-05,0.00761225453418313,0.00449475465790146,0.0178917611850038,0.055583683715104,0.450248812626425,0.255104922502694,0.259861535927127,0.32999463272295,-0.0442902590901836,-0.0981600708545062,-0.00122058230319091,-0.0359102948427337,0.0433058840588467,0.193229287760254,-0.00553554560967764,-0.00557559364718239,-0.221469726409612,-0.0472510974447459,-0.175932069300057,3.65039146216506e-05,0.157399833316006,0.0957853779846573,0.104864104334636,0.174199388978238,-0.0477989025351356,-0.0962132288970853
"2015-08-01",4.32644301700626,0.185104239255894,-0.000827226702231488,-0.0109975135616748,-0.00122561791244785,-0.0717573229895075,0.388571751986657,0.00988010785986907,0.00267116446314543,0.00702890355212839,-0.126763651235901,0.0898601663861885,-0.00690367196092813,-0.000856579666856131,0.00856970311367631,0.0807971891445524,0.0218458838233352,-0.00295578999508331,0.00516509453224344,-0.00689826850768748,0.0337682542228662,-0.00400996823677138,0.00397080735307572,0.0133431638493318,-0.00969543507439137,0.268516428617485,0.00428516983260283,-0.00380309930106386,0.000717899572265375,0.00487664053997424,0.0461457814739235,0.01,-0.000193598182593113,0.00793809927474389,0.00485552716227204,0.0167105540515631,0.0539090581026124,0.456953931993236,0.251667925738599,0.265909830946466,0.338465840538313,-0.0503371328525593,-0.101512398649917,-0.00768986632703286,-0.0409210064067125,0.039092657631061,0.175537698527913,0.00861185593407792,0.0103965141246315,-0.230351286240897,-0.0529816317662176,-0.173808120920136,2.3506565517779e-05,0.157635401137911,0.0952451570936409,0.106595787750802,0.174053938574831,-0.0505914458611095,-0.0979390553696524
